,time,open,high,low,close,volume
0,2022-12-29 08:00:00,16556.37,16630.0,16517.54,16598.7,28212.71787
1,2022-12-29 12:00:00,16598.7,16664.41,16590.64,16616.6,34295.37736
2,2022-12-29 16:00:00,16616.6,16654.54,16590.82,16612.4,26230.77683
3,2022-12-29 20:00:00,16612.4,16654.51,16555.57,16633.47,27491.95801
4,2022-12-30 00:00:00,16633.47,16648.77,16579.75,16599.08,20857.62793
5,2022-12-30 04:00:00,16598.79,16615.35,16429.0,16474.93,28945.88758
6,2022-12-30 08:00:00,16475.1,16531.1,16458.25,16496.27,20505.90685
7,2022-12-30 12:00:00,16495.96,16580.7,16333.0,16555.26,44689.94988
8,2022-12-30 16:00:00,16555.26,16577.0,16515.45,16525.37,25853.48693
9,2022-12-30 20:00:00,16525.91,16677.35,16523.91,16607.48,24063.45257
10,2022-12-31 00:00:00,16607.48,16616.37,16550.01,16552.46,15656.04768
11,2022-12-31 04:00:00,16552.46,16568.12,16531.0,16565.09,15808.94958
12,2022-12-31 08:00:00,16564.81,16583.9,16540.01,16567.15,20777.75988
13,2022-12-31 12:00:00,16567.52,16644.09,16547.12,16590.1,27839.30964
14,2022-12-31 16:00:00,16590.1,16613.3,16565.1,16570.14,16498.8751
15,2022-12-31 20:00:00,16570.14,16574.97,16470.0,16542.4,17909.48676
16,2023-01-01 00:00:00,16541.77,16559.77,16508.39,16533.04,15515.82327
17,2023-01-01 04:00:00,16533.04,16550.0,16499.01,16526.19,16532.24115
18,2023-01-01 08:00:00,16525.7,16557.0,16505.2,16556.66,15915.96701
19,2023-01-01 12:00:00,16556.66,16572.94,16533.68,16558.73,15046.09096
20,2023-01-01 16:00:00,16558.73,16623.65,16558.0,16603.08,18532.64857
21,2023-01-01 20:00:00,16603.53,16628.0,16586.24,16616.75,15382.64278
22,2023-01-02 00:00:00,16617.17,16707.25,16548.7,16661.94,19463.4751
23,2023-01-02 04:00:00,16662.38,16769.51,16619.44,16721.28,26026.88178
24,2023-01-02 08:00:00,16721.27,16772.01,16704.07,16735.11,23267.94119
25,2023-01-02 12:00:00,16735.51,16750.0,16669.15,16734.66,21747.21491
26,2023-01-02 16:00:00,16734.66,16739.64,16707.12,16737.56,12314.73653
27,2023-01-02 20:00:00,16737.56,16799.23,16660.51,16672.87,19068.3224
28,2023-01-03 00:00:00,16672.78,16706.14,16647.81,16691.81,20183.45596
29,2023-01-03 04:00:00,16691.81,16778.4,16681.79,16729.74,21434.34333
30,2023-01-03 08:00:00,16730.15,16766.0,16698.15,16721.03,25576.16376
31,2023-01-03 12:00:00,16721.42,16773.0,16617.79,16676.94,42131.78382
32,2023-01-03 16:00:00,16677.54,16688.2,16605.28,16643.37,29519.13275
33,2023-01-03 20:00:00,16643.77,16695.0,16640.4,16675.18,20696.65771
34,2023-01-04 00:00:00,16675.65,16877.65,16652.66,16862.02,41904.57254
35,2023-01-04 04:00:00,16862.61,16910.98,16840.36,16869.44,30270.2531
36,2023-01-04 08:00:00,16869.49,16919.0,16831.13,16835.35,30320.64004
37,2023-01-04 12:00:00,16835.35,16863.09,16765.3,16854.05,40843.05953
38,2023-01-04 16:00:00,16853.55,16991.87,16787.85,16842.36,52076.35176
39,2023-01-04 20:00:00,16842.32,16869.56,16777.0,16850.36,24947.31165
40,2023-01-05 00:00:00,16850.36,16878.18,16807.72,16827.71,21763.76721
41,2023-01-05 04:00:00,16827.71,16849.37,16789.87,16823.64,21213.55835
42,2023-01-05 08:00:00,16823.05,16839.0,16780.75,16833.6,26296.22105
43,2023-01-05 12:00:00,16833.6,16879.82,16753.0,16842.94,41963.23448
44,2023-01-05 16:00:00,16842.94,16875.5,16800.5,16863.85,30157.4645
45,2023-01-05 20:00:00,16864.29,16873.52,16818.91,16831.85,22079.32082
46,2023-01-06 00:00:00,16831.85,16872.57,16802.01,16833.56,22896.56633
47,2023-01-06 04:00:00,16833.56,16837.87,16779.96,16794.06,24759.51652
48,2023-01-06 08:00:00,16794.33,16812.22,16709.88,16738.22,29976.56156
49,2023-01-06 12:00:00,16738.74,16849.0,16679.0,16840.82,52584.91113
50,2023-01-06 16:00:00,16840.1,16965.41,16805.04,16939.91,42771.69765
51,2023-01-06 20:00:00,16940.41,17041.0,16886.21,16950.65,34412.03096
52,2023-01-07 00:00:00,16950.31,16981.91,16930.46,16952.46,17943.00432
53,2023-01-07 04:00:00,16952.73,16954.45,16922.14,16948.09,15480.43183
54,2023-01-07 08:00:00,16948.18,16954.95,16908.07,16918.3,18936.72265
55,2023-01-07 12:00:00,16918.3,16947.7,16908.0,16940.42,20650.09476
56,2023-01-07 16:00:00,16940.6,16946.13,16916.0,16944.05,16073.99982
57,2023-01-07 20:00:00,16944.05,16951.92,16929.46,16943.57,15442.31542
58,2023-01-08 00:00:00,16943.83,16955.0,16911.0,16944.02,18295.79671
59,2023-01-08 04:00:00,16944.02,16957.12,16933.26,16953.77,14667.61069
60,2023-01-08 08:00:00,16953.77,16967.67,16925.05,16927.42,20434.41029
61,2023-01-08 12:00:00,16927.42,17019.79,16920.37,17000.43,23086.53831
62,2023-01-08 16:00:00,17000.43,17022.08,16916.1,16927.25,23557.66783
63,2023-01-08 20:00:00,16927.25,17176.99,16924.41,17127.83,35113.87312
64,2023-01-09 00:00:00,17127.83,17252.6,17104.66,17197.0,50799.16414
65,2023-01-09 04:00:00,17197.0,17262.56,17180.0,17198.48,33546.34885
66,2023-01-09 08:00:00,17198.01,17285.48,17186.95,17238.93,38468.19722
67,2023-01-09 12:00:00,17239.47,17335.35,17190.74,17268.49,50514.03168
68,2023-01-09 16:00:00,17268.49,17398.8,17268.02,17293.69,52520.91466
69,2023-01-09 20:00:00,17294.19,17313.3,17128.0,17178.26,40362.87068
70,2023-01-10 00:00:00,17179.04,17235.0,17146.34,17205.72,30946.1691
71,2023-01-10 04:00:00,17205.31,17233.91,17189.15,17203.2,25989.57305
72,2023-01-10 08:00:00,17203.2,17286.02,17187.73,17252.89,31083.00421
73,2023-01-10 12:00:00,17252.89,17375.0,17212.14,17327.7,57523.3681
74,2023-01-10 16:00:00,17327.7,17456.07,17282.0,17432.85,43079.81645
75,2023-01-10 20:00:00,17432.85,17499.0,17403.73,17440.66,32760.4949
76,2023-01-11 00:00:00,17440.64,17510.0,17366.58,17416.14,31946.4848
77,2023-01-11 04:00:00,17416.49,17462.99,17388.0,17446.65,29726.8908
78,2023-01-11 08:00:00,17447.02,17472.15,17408.68,17437.75,29986.37534
79,2023-01-11 12:00:00,17437.75,17437.75,17315.6,17332.43,49062.38496
80,2023-01-11 16:00:00,17331.9,17571.7,17320.42,17550.29,55789.51498
81,2023-01-11 20:00:00,17549.62,18000.0,17508.86,17943.26,65709.95565
82,2023-01-12 00:00:00,17943.26,18385.71,17907.25,18224.68,82494.53271
83,2023-01-12 04:00:00,18224.68,18241.43,18075.19,18138.22,37256.18339
84,2023-01-12 08:00:00,18138.21,18222.59,18071.06,18200.8,34254.13454
85,2023-01-12 12:00:00,18200.8,18380.47,17892.05,18086.62,130706.45782
86,2023-01-12 16:00:00,18087.28,19060.0,18054.61,18885.35,110884.4527
87,2023-01-12 20:00:00,18885.35,19117.04,18762.0,18846.62,58972.56062
88,2023-01-13 00:00:00,18846.62,18887.0,18714.12,18876.37,41728.30446
89,2023-01-13 04:00:00,18876.37,18883.79,18778.41,18824.25,33637.34382
90,2023-01-13 08:00:00,18825.0,19057.7,18810.01,18920.95,53635.34061
91,2023-01-13 12:00:00,18920.95,19310.91,18811.52,19261.19,84962.31802
92,2023-01-13 16:00:00,19261.19,19406.26,19060.15,19362.01,76088.31369
93,2023-01-13 20:00:00,19363.43,20000.0,19315.77,19930.01,78564.25763
94,2023-01-14 00:00:00,19930.01,21258.0,19888.05,20967.23,132906.52741
95,2023-01-14 04:00:00,20967.23,21033.64,20777.37,20897.36,44676.34594
96,2023-01-14 08:00:00,20897.36,21022.39,20225.06,20721.73,79770.25474
97,2023-01-14 12:00:00,20721.03,21200.0,20568.12,20786.74,70757.33684
98,2023-01-14 16:00:00,20785.85,20911.23,20660.0,20783.68,40261.90826
99,2023-01-14 20:00:00,20783.68,21072.27,20758.0,20954.92,25541.37632
100,2023-01-15 00:00:00,20952.76,21001.84,20551.01,20719.09,38036.35096
101,2023-01-15 04:00:00,20719.09,20789.58,20666.88,20735.69,20276.51594
102,2023-01-15 08:00:00,20735.69,20759.0,20573.13,20722.23,28650.05726
103,2023-01-15 12:00:00,20722.23,20994.05,20652.24,20908.28,32504.50894
104,2023-01-15 16:00:00,20906.97,21050.74,20665.0,20870.15,37663.66746
105,2023-01-15 20:00:00,20870.15,20952.37,20746.39,20871.5,21411.12493
106,2023-01-16 00:00:00,20872.99,21439.59,20770.2,21075.68,65696.37043
107,2023-01-16 04:00:00,21074.8,21260.0,21037.64,21109.23,32932.04546
108,2023-01-16 08:00:00,21109.4,21113.22,20666.0,20817.56,49457.76438
109,2023-01-16 12:00:00,20816.63,21053.89,20611.48,20994.17,50011.28024
110,2023-01-16 16:00:00,20995.37,21414.42,20916.43,21308.57,57585.03731
111,2023-01-16 20:00:00,21307.29,21474.05,21048.16,21185.65,37395.5848
112,2023-01-17 00:00:00,21185.65,21299.04,20841.31,21124.57,43454.76384
113,2023-01-17 04:00:00,21124.57,21236.62,21060.8,21133.65,27720.49973
114,2023-01-17 08:00:00,21133.65,21249.46,21082.48,21219.75,32766.90672
115,2023-01-17 12:00:00,21219.21,21647.45,21030.0,21176.06,87104.51182
116,2023-01-17 16:00:00,21176.06,21412.0,21084.0,21336.46,48658.53141
117,2023-01-17 20:00:00,21336.46,21413.15,21121.71,21134.81,35702.53057
118,2023-01-18 00:00:00,21132.29,21377.44,21103.15,21258.54,40301.19947
119,2023-01-18 04:00:00,21257.0,21320.0,21228.54,21307.94,26697.4268
120,2023-01-18 08:00:00,21307.94,21316.77,21151.0,21204.67,33225.41111
121,2023-01-18 12:00:00,21204.67,21650.0,20842.0,21042.73,97538.81068
122,2023-01-18 16:00:00,21042.73,21136.8,20407.15,20906.54,112546.34199
123,2023-01-18 20:00:00,20905.37,20938.67,20624.02,20677.47,40606.82944
124,2023-01-19 00:00:00,20677.47,20817.85,20659.19,20748.04,37267.51378
125,2023-01-19 04:00:00,20748.04,20874.81,20742.71,20818.95,28848.62637
126,2023-01-19 08:00:00,20818.94,20846.75,20706.9,20743.72,35522.44033
127,2023-01-19 12:00:00,20744.17,20960.23,20660.8,20876.44,61331.76023
128,2023-01-19 16:00:00,20876.44,21142.07,20791.13,21090.95,51508.95942
129,2023-01-19 20:00:00,21092.1,21192.0,20919.31,21071.59,36906.54912
130,2023-01-20 00:00:00,21071.59,21219.6,21013.96,21087.74,37141.33047
131,2023-01-20 04:00:00,21087.74,21127.33,20861.28,20959.44,38475.43025
132,2023-01-20 08:00:00,20958.43,20993.99,20898.79,20963.51,33292.86295
133,2023-01-20 12:00:00,20963.34,21247.55,20955.53,21144.77,63718.57309
134,2023-01-20 16:00:00,21145.05,21529.0,21140.99,21496.67,68762.00358
135,2023-01-20 20:00:00,21496.67,22755.93,21495.75,22667.21,96688.93625
136,2023-01-21 00:00:00,22666.0,22792.86,22422.0,22547.35,46689.92028
137,2023-01-21 04:00:00,22547.83,22670.0,22514.6,22638.36,31004.20655
138,2023-01-21 08:00:00,22638.36,23335.77,22595.23,22905.65,102373.50511
139,2023-01-21 12:00:00,22907.01,23280.0,22851.94,22998.9,60494.75835
140,2023-01-21 16:00:00,22998.9,23371.8,22980.0,23270.5,62208.75289
141,2023-01-21 20:00:00,23270.97,23299.55,22680.73,22783.55,43674.34114
142,2023-01-22 00:00:00,22783.35,22979.88,22602.55,22758.3,43093.66569
143,2023-01-22 04:00:00,22759.08,22967.33,22716.72,22895.2,29768.68658
144,2023-01-22 08:00:00,22895.49,22938.12,22726.02,22783.61,31739.4919
145,2023-01-22 12:00:00,22784.74,23078.71,22645.59,22794.51,49271.02796
146,2023-01-22 16:00:00,22794.63,22959.71,22687.13,22722.15,41105.52201
147,2023-01-22 20:00:00,22721.88,22773.89,22292.37,22707.88,58599.35872
148,2023-01-23 00:00:00,22706.02,22826.46,22646.43,22661.02,36139.99774
149,2023-01-23 04:00:00,22661.02,22794.33,22600.14,22695.9,33194.2653
150,2023-01-23 08:00:00,22696.61,22957.25,22662.38,22904.58,38266.29469
151,2023-01-23 12:00:00,22904.58,23115.0,22500.0,22853.14,80367.50864
152,2023-01-23 16:00:00,22855.44,23180.0,22654.0,22792.47,71278.43489
153,2023-01-23 20:00:00,22792.47,23044.56,22753.71,22916.45,34341.87812
154,2023-01-24 00:00:00,22917.81,23144.76,22864.67,23079.27,41432.57478
155,2023-01-24 04:00:00,23079.87,23162.2,23006.98,23054.08,34450.19326
156,2023-01-24 08:00:00,23054.7,23090.25,22770.0,22917.66,46085.15863
157,2023-01-24 12:00:00,22917.11,23035.31,22711.0,22931.36,64690.98641
158,2023-01-24 16:00:00,22931.36,23079.0,22785.59,23018.53,44205.31571
159,2023-01-24 20:00:00,23017.73,23080.45,22462.93,22632.89,62294.55375
160,2023-01-25 00:00:00,22631.94,22715.06,22300.0,22643.61,56101.10349
161,2023-01-25 04:00:00,22643.04,22772.0,22606.04,22712.45,30093.23392
162,2023-01-25 08:00:00,22711.85,22739.11,22475.0,22598.47,39000.61252
163,2023-01-25 12:00:00,22598.45,22745.0,22335.0,22577.86,70513.75269
164,2023-01-25 16:00:00,22578.79,22765.3,22510.0,22748.86,50906.47279
165,2023-01-25 20:00:00,22749.97,23816.73,22749.93,23060.94,99427.65682
166,2023-01-26 00:00:00,23060.42,23282.47,23041.14,23136.16,49167.22282
167,2023-01-26 04:00:00,23136.16,23197.8,22897.17,22966.73,45284.94138
168,2023-01-26 08:00:00,22965.81,23048.49,22850.01,22992.94,39326.2452
169,2023-01-26 12:00:00,22992.09,23250.0,22880.95,22958.02,81188.23496
170,2023-01-26 16:00:00,22955.16,23106.51,22853.81,23070.0,43604.15119
171,2023-01-26 20:00:00,23068.57,23195.0,22963.07,23009.65,30353.64026
172,2023-01-27 00:00:00,23009.65,23076.62,22534.88,22772.62,46182.87922
173,2023-01-27 04:00:00,22772.2,23100.0,22760.64,23072.77,38724.8656
174,2023-01-27 08:00:00,23072.29,23083.87,22903.03,22967.47,33552.11913
175,2023-01-27 12:00:00,22967.48,23148.0,22841.19,22933.96,62813.27522
176,2023-01-27 16:00:00,22932.2,23284.32,22924.01,23253.06,49014.72696
177,2023-01-27 20:00:00,23253.06,23500.0,22951.33,23074.16,50545.99702
178,2023-01-28 00:00:00,23074.16,23189.0,23042.54,23117.44,24315.1602
179,2023-01-28 04:00:00,23117.44,23133.4,22951.01,22991.51,24728.2785
180,2023-01-28 08:00:00,22991.86,23017.27,22905.0,22981.51,25675.38157
181,2023-01-28 12:00:00,22981.51,23044.12,22878.46,23012.54,33451.32025
182,2023-01-28 16:00:00,23012.02,23052.82,22975.0,23039.35,20431.10042
183,2023-01-28 20:00:00,23039.35,23042.91,22942.0,23022.6,19514.46991
184,2023-01-29 00:00:00,23021.4,23492.0,22967.76,23193.43,52580.79543
185,2023-01-29 04:00:00,23194.27,23268.51,23144.99,23203.86,24988.1288
186,2023-01-29 08:00:00,23203.39,23605.74,23153.64,23432.17,55739.69077
187,2023-01-29 12:00:00,23431.39,23666.0,23350.47,23525.09,54723.54894
188,2023-01-29 16:00:00,23525.09,23960.54,23472.0,23897.84,66296.44216
189,2023-01-29 20:00:00,23896.65,23910.6,23600.0,23742.3,41360.18594
190,2023-01-30 00:00:00,23743.37,23800.51,23567.1,23701.44,36904.38643
191,2023-01-30 04:00:00,23700.78,23769.32,23599.15,23642.81,31345.83274
192,2023-01-30 08:00:00,23642.81,23676.98,23017.0,23077.47,72543.62927
193,2023-01-30 12:00:00,23077.47,23301.82,22962.68,23178.51,58389.64648
194,2023-01-30 16:00:00,23178.51,23248.86,22627.9,22784.86,58798.23417
195,2023-01-30 20:00:00,22784.86,22840.69,22500.0,22826.15,44424.17212
196,2023-01-31 00:00:00,22827.38,22913.71,22714.77,22835.01,35131.51516
197,2023-01-31 04:00:00,22835.46,22989.48,22743.05,22978.24,35466.16773
198,2023-01-31 08:00:00,22978.24,22996.84,22810.03,22865.43,35127.03829
199,2023-01-31 12:00:00,22865.97,23206.84,22851.01,23121.8,64918.10238
200,2023-01-31 16:00:00,23121.8,23221.14,23081.08,23163.88,42055.90095
201,2023-01-31 20:00:00,23162.99,23320.0,22812.69,23125.13,51950.62458
202,2023-02-01 00:00:00,23125.13,23184.29,22997.1,23130.19,35705.95217
203,2023-02-01 04:00:00,23130.7,23167.39,23017.07,23076.68,32517.47391
204,2023-02-01 08:00:00,23076.67,23100.0,22919.33,23077.52,37238.66144
205,2023-02-01 12:00:00,23078.43,23144.85,22938.36,22979.73,53826.35919
206,2023-02-01 16:00:00,22979.73,23494.77,22760.23,23385.99,77933.60595
207,2023-02-01 20:00:00,23385.99,23812.66,23320.01,23732.66,73568.37005
208,2023-02-02 00:00:00,23731.41,24255.0,23690.02,23848.6,61426.43407
209,2023-02-02 04:00:00,23848.6,23921.1,23658.2,23781.12,36774.35541
210,2023-02-02 08:00:00,23780.65,23852.75,23750.0,23820.49,34341.7451
211,2023-02-02 12:00:00,23820.49,23945.68,23525.0,23839.5,83485.59583
212,2023-02-02 16:00:00,23839.5,24144.62,23725.76,23802.57,83227.45056
213,2023-02-02 20:00:00,23802.57,23924.81,23363.27,23488.94,64921.62654
214,2023-02-03 00:00:00,23489.33,23590.11,23411.47,23534.18,41608.93455
215,2023-02-03 04:00:00,23533.64,23566.18,23447.25,23456.23,34988.87578
216,2023-02-03 08:00:00,23456.22,23541.7,23322.3,23534.13,47896.72547
217,2023-02-03 12:00:00,23533.32,23710.8,23227.16,23603.36,102225.36461
218,2023-02-03 16:00:00,23604.62,23715.7,23300.76,23307.99,68730.83213
219,2023-02-03 20:00:00,23308.05,23472.0,23204.62,23431.9,37120.2965
220,2023-02-04 00:00:00,23431.9,23465.15,23331.16,23343.43,25040.05526
221,2023-02-04 04:00:00,23343.12,23361.33,23253.96,23329.18,24999.77578
222,2023-02-04 08:00:00,23329.18,23376.27,23292.19,23363.76,23614.83087
223,2023-02-04 12:00:00,23364.14,23587.78,23340.44,23421.45,41379.54799
224,2023-02-04 16:00:00,23421.45,23472.5,23358.57,23425.89,26883.53409
225,2023-02-04 20:00:00,23425.28,23449.96,23259.62,23326.84,24208.72896
226,2023-02-05 00:00:00,23327.66,23371.99,23230.0,23344.53,27050.82035
227,2023-02-05 04:00:00,23344.53,23433.33,23326.23,23377.4,20474.72317
228,2023-02-05 08:00:00,23377.03,23419.74,23345.0,23356.33,24127.72175
229,2023-02-05 12:00:00,23356.86,23374.8,23000.01,23096.16,51552.20203
230,2023-02-05 16:00:00,23096.92,23157.75,22743.0,22891.8,56584.15419
231,2023-02-05 20:00:00,22892.65,23030.0,22795.01,22932.91,29461.71768
232,2023-02-06 00:00:00,22932.91,23094.92,22823.0,22895.48,29572.88535
233,2023-02-06 04:00:00,22895.48,22928.2,22628.13,22879.69,39216.01093
234,2023-02-06 08:00:00,22880.91,22939.99,22735.46,22878.23,40012.24453
235,2023-02-06 12:00:00,22878.23,23054.66,22745.01,23041.39,58692.68023
236,2023-02-06 16:00:00,23042.86,23158.25,22921.25,23031.03,56494.24898
237,2023-02-06 20:00:00,23030.29,23032.13,22638.0,22762.52,41383.53688
238,2023-02-07 00:00:00,22762.52,22897.67,22745.78,22877.99,33497.36874
239,2023-02-07 04:00:00,22877.99,22986.71,22861.45,22910.91,36499.34993
240,2023-02-07 08:00:00,22910.91,23064.56,22862.85,22977.24,44279.99243
241,2023-02-07 12:00:00,22977.24,23042.0,22876.35,22904.89,52432.35114
242,2023-02-07 16:00:00,22904.89,23350.25,22769.05,23091.9,97115.49334
243,2023-02-07 20:00:00,23092.87,23309.29,23029.11,23240.46,44182.16924
244,2023-02-08 00:00:00,23242.42,23452.0,23225.19,23255.34,40305.77589
245,2023-02-08 04:00:00,23255.34,23287.3,23183.17,23232.68,31403.38319
246,2023-02-08 08:00:00,23233.23,23239.44,23132.21,23159.07,34433.80696
247,2023-02-08 12:00:00,23159.07,23199.58,22857.0,22872.28,65167.42448
248,2023-02-08 16:00:00,22871.28,23042.95,22665.85,22874.89,73007.67562
249,2023-02-08 20:00:00,22873.9,22980.3,22778.93,22963.0,35738.24103
250,2023-02-09 00:00:00,22961.85,23011.39,22424.48,22518.44,65154.16827
251,2023-02-09 04:00:00,22519.56,22737.48,22353.71,22676.41,55075.60069
252,2023-02-09 08:00:00,22676.41,22770.0,22663.32,22685.79,41696.32449
253,2023-02-09 12:00:00,22685.79,22831.41,22556.32,22610.94,74349.41042
254,2023-02-09 16:00:00,22610.94,22623.41,21881.0,22032.71,93051.2266
255,2023-02-09 20:00:00,22030.99,22084.46,21688.0,21796.35,73567.96503
256,2023-02-10 00:00:00,21797.83,21938.16,21756.0,21825.59,44103.28784
257,2023-02-10 04:00:00,21825.59,21926.2,21622.4,21911.71,57049.51366
258,2023-02-10 08:00:00,21910.61,21926.91,21713.96,21733.52,53475.20812
259,2023-02-10 12:00:00,21732.63,21901.24,21520.0,21654.09,79689.38726
260,2023-02-10 16:00:00,21652.75,21799.0,21558.13,21771.09,59831.97353
261,2023-02-10 20:00:00,21772.26,21790.92,21451.0,21625.19,44442.57206
262,2023-02-11 00:00:00,21625.19,21725.95,21599.78,21678.56,33397.4464
263,2023-02-11 04:00:00,21678.56,21715.38,21640.03,21692.63,26123.14402
264,2023-02-11 08:00:00,21692.63,21705.0,21658.01,21697.44,26681.07439
265,2023-02-11 12:00:00,21697.44,21777.54,21662.11,21735.78,33330.44499
266,2023-02-11 16:00:00,21735.78,21737.89,21618.23,21662.63,26494.56227
267,2023-02-11 20:00:00,21662.36,21906.32,21645.21,21862.55,30994.91226
268,2023-02-12 00:00:00,21862.02,21890.16,21766.0,21781.38,25750.93181
269,2023-02-12 04:00:00,21781.38,21817.15,21761.04,21798.42,24728.18422
270,2023-02-12 08:00:00,21798.42,21960.0,21798.01,21888.31,32585.21424
271,2023-02-12 12:00:00,21888.31,21995.6,21756.04,21945.3,41637.6802
272,2023-02-12 16:00:00,21944.14,22090.0,21914.07,21997.18,38167.26838
273,2023-02-12 20:00:00,21997.18,22028.78,21630.0,21783.54,41566.37278
274,2023-02-13 00:00:00,21782.37,21876.43,21622.47,21808.6,45008.5028
275,2023-02-13 04:00:00,21808.6,21894.99,21792.86,21867.69,29927.77153
276,2023-02-13 08:00:00,21867.74,21874.97,21433.0,21603.11,71030.04136
277,2023-02-13 12:00:00,21602.8,21701.34,21556.0,21563.02,51668.73309
278,2023-02-13 16:00:00,21561.84,21678.0,21351.07,21607.81,62803.51308
279,2023-02-13 20:00:00,21607.81,21845.79,21559.95,21773.97,35292.20605
280,2023-02-14 00:00:00,21774.63,21816.62,21677.47,21700.42,31230.75357
281,2023-02-14 04:00:00,21700.42,21789.46,21684.59,21768.48,31733.58592
282,2023-02-14 08:00:00,21767.56,21875.42,21666.39,21809.81,44954.45087
283,2023-02-14 12:00:00,21809.81,22319.08,21532.77,22041.45,136833.56633
284,2023-02-14 16:00:00,22040.52,22245.0,21917.31,22208.65,77894.26418
285,2023-02-14 20:00:00,22207.96,22285.0,22122.7,22199.84,39311.78022
286,2023-02-15 00:00:00,22199.84,22200.88,22047.28,22099.49,36360.45775
287,2023-02-15 04:00:00,22099.13,22199.29,22072.55,22109.89,32290.25159
288,2023-02-15 08:00:00,22109.89,22500.0,22089.11,22445.13,49264.71292
289,2023-02-15 12:00:00,22444.28,22916.98,22443.24,22809.46,100777.72923
290,2023-02-15 16:00:00,22809.46,23353.87,22745.03,23318.9,70218.08957
291,2023-02-15 20:00:00,23320.18,24380.0,23296.3,24324.05,86757.92005
292,2023-02-16 00:00:00,24322.87,24905.0,24278.58,24732.42,58850.15163
293,2023-02-16 04:00:00,24731.6,24756.35,24430.12,24612.95,48051.21682
294,2023-02-16 08:00:00,24611.51,24664.49,24509.07,24568.55,39484.86925
295,2023-02-16 12:00:00,24567.93,25091.0,24283.35,25072.67,101794.47626
296,2023-02-16 16:00:00,25072.67,25250.0,24606.14,24872.58,108806.09222
297,2023-02-16 20:00:00,24872.58,24879.81,23505.25,23517.72,93093.87748
298,2023-02-17 00:00:00,23517.72,23914.58,23339.37,23838.64,69235.79241
299,2023-02-17 04:00:00,23838.64,23883.12,23612.0,23637.04,43781.38344
300,2023-02-17 08:00:00,23635.84,23861.78,23532.69,23789.82,58228.45005
301,2023-02-17 12:00:00,23789.12,24280.0,23710.0,24130.5,118441.1066
302,2023-02-17 16:00:00,24130.5,24560.64,23917.65,24524.49,115198.92622
303,2023-02-17 20:00:00,24524.49,25021.11,24051.73,24569.97,91927.55504
304,2023-02-18 00:00:00,24568.24,24787.5,24503.49,24609.68,37989.15667
305,2023-02-18 04:00:00,24609.68,24676.9,24430.0,24519.01,31352.25067
306,2023-02-18 08:00:00,24519.01,24607.82,24436.46,24519.42,33957.71014
307,2023-02-18 12:00:00,24519.93,24734.32,24488.43,24668.26,45000.52343
308,2023-02-18 16:00:00,24667.02,24877.0,24567.9,24608.34,45513.45782
309,2023-02-18 20:00:00,24608.34,24666.0,24514.03,24631.95,23104.1534
310,2023-02-19 00:00:00,24632.05,24770.67,24622.18,24681.69,24556.3165
311,2023-02-19 04:00:00,24682.1,24850.0,24563.23,24582.62,38276.37482
312,2023-02-19 08:00:00,24582.62,24706.77,24560.47,24669.43,30376.46031
313,2023-02-19 12:00:00,24669.43,25046.0,24656.44,24922.21,59494.57652
314,2023-02-19 16:00:00,24922.21,25192.0,24277.53,24523.79,99703.62008
315,2023-02-19 20:00:00,24523.04,24580.28,24192.57,24271.76,47988.64719
316,2023-02-20 00:00:00,24272.51,24480.44,23840.83,24418.95,63390.50289
317,2023-02-20 04:00:00,24417.86,24555.0,24402.87,24503.65,38007.57091
318,2023-02-20 08:00:00,24503.65,24983.71,24373.33,24890.0,79645.74015
319,2023-02-20 12:00:00,24889.0,25121.23,24720.0,24942.87,80964.87642
320,2023-02-20 16:00:00,24942.87,24957.32,24622.0,24872.19,56462.35763
321,2023-02-20 20:00:00,24872.18,24887.2,24655.0,24842.2,28467.52197
322,2023-02-21 00:00:00,24843.89,25093.23,24781.5,24926.56,47489.89991
323,2023-02-21 04:00:00,24926.56,25050.0,24854.18,24999.95,37867.03335
324,2023-02-21 08:00:00,24999.77,25250.0,24555.55,24572.83,86178.83261
325,2023-02-21 12:00:00,24572.83,24790.0,24408.0,24558.09,79603.75437
326,2023-02-21 16:00:00,24556.81,24745.78,24279.35,24602.88,75522.89551
327,2023-02-21 20:00:00,24602.88,24639.56,24148.34,24452.16,49338.41293
328,2023-02-22 00:00:00,24450.67,24476.05,23855.55,24201.85,66953.18365
329,2023-02-22 04:00:00,24202.67,24221.6,23931.0,24060.95,53259.16489
330,2023-02-22 08:00:00,24059.73,24216.55,23860.61,24160.87,58413.62449
331,2023-02-22 12:00:00,24160.87,24235.37,23627.08,23713.61,86251.40733
332,2023-02-22 16:00:00,23714.94,23972.97,23574.69,23791.67,74769.74135
333,2023-02-22 20:00:00,23791.68,24218.92,23735.19,24182.21,39778.63194
334,2023-02-23 00:00:00,24182.21,24599.59,24124.33,24454.85,58028.05449
335,2023-02-23 04:00:00,24454.85,24526.08,24311.35,24376.27,40892.96719
336,2023-02-23 08:00:00,24377.12,24494.28,23647.46,23780.2,72957.69926
337,2023-02-23 12:00:00,23780.21,24228.44,23608.0,23950.92,114931.1652
338,2023-02-23 16:00:00,23951.83,24056.0,23725.1,23971.5,72622.39716
339,2023-02-23 20:00:00,23971.51,24069.87,23756.77,23940.2,38968.17107
340,2023-02-24 00:00:00,23940.2,24132.35,23890.0,23954.05,37762.53136
341,2023-02-24 04:00:00,23954.5,23986.12,23766.6,23830.32,37287.85119
342,2023-02-24 08:00:00,23831.22,23973.79,23754.03,23883.72,38332.75164
343,2023-02-24 12:00:00,23883.72,24027.44,23322.01,23351.31,88325.951
344,2023-02-24 16:00:00,23349.25,23353.1,22841.19,23182.27,94448.70234
345,2023-02-24 20:00:00,23182.27,23332.79,22974.3,23185.29,47424.787
346,2023-02-25 00:00:00,23184.04,23219.13,23045.33,23077.64,26711.13207
347,2023-02-25 04:00:00,23077.12,23129.65,23023.23,23117.16,24808.07053
348,2023-02-25 08:00:00,23117.1,23158.16,22906.5,22983.85,35506.74408
349,2023-02-25 12:00:00,22983.85,23086.0,22858.35,23006.18,33363.06698
350,2023-02-25 16:00:00,23006.18,23086.29,22912.1,22983.05,31984.90521
351,2023-02-25 20:00:00,22983.78,23185.99,22722.0,23157.07,38937.89123
352,2023-02-26 00:00:00,23157.07,23250.0,23059.18,23214.53,25544.02597
353,2023-02-26 04:00:00,23214.53,23227.17,23090.0,23154.57,22591.59482
354,2023-02-26 08:00:00,23154.57,23293.97,23112.35,23253.44,27886.07588
355,2023-02-26 12:00:00,23253.44,23331.26,23126.47,23247.23,35538.36772
356,2023-02-26 16:00:00,23247.96,23544.93,23137.0,23499.33,42223.44384
357,2023-02-26 20:00:00,23499.33,23689.99,23323.42,23554.85,48540.228
358,2023-02-27 00:00:00,23554.85,23644.65,23432.76,23551.62,30792.51063
359,2023-02-27 04:00:00,23551.99,23561.34,23346.16,23423.31,30283.95062
360,2023-02-27 08:00:00,23423.88,23455.31,23332.65,23428.87,28495.85395
361,2023-02-27 12:00:00,23428.87,23897.99,23379.25,23559.4,83616.02692
362,2023-02-27 16:00:00,23557.66,23618.3,23150.0,23276.35,71456.59915
363,2023-02-27 20:00:00,23276.34,23582.98,23106.77,23492.09,39061.14463
364,2023-02-28 00:00:00,23492.09,23549.99,23349.57,23467.52,25897.10942
365,2023-02-28 04:00:00,23467.01,23470.44,23212.8,23236.68,29133.3021
366,2023-02-28 08:00:00,23235.63,23421.98,23200.0,23392.69,33078.50122
367,2023-02-28 12:00:00,23391.96,23579.12,23315.42,23518.3,68386.6113
368,2023-02-28 16:00:00,23519.08,23600.0,23205.06,23264.36,54116.84831
369,2023-02-28 20:00:00,23263.38,23343.55,23020.97,23141.57,53528.62659
370,2023-03-01 00:00:00,23141.57,23498.0,23020.03,23441.14,47163.64208
371,2023-03-01 04:00:00,23440.37,23847.0,23425.44,23716.06,49437.13297
372,2023-03-01 08:00:00,23716.06,24000.0,23673.44,23739.17,45593.75366
373,2023-03-01 12:00:00,23739.87,23888.0,23550.8,23711.09,71527.84275
374,2023-03-01 16:00:00,23711.09,23746.24,23328.16,23355.14,59540.49755
375,2023-03-01 20:00:00,23354.03,23674.6,23300.0,23628.97,42024.54836
376,2023-03-02 00:00:00,23629.76,23796.93,23423.17,23494.29,38918.66091
377,2023-03-02 04:00:00,23494.29,23546.82,23335.41,23391.87,27953.94328
378,2023-03-02 08:00:00,23391.87,23468.5,23337.37,23414.73,32030.91052
379,2023-03-02 12:00:00,23414.73,23434.26,23195.9,23361.11,63610.81714
380,2023-03-02 16:00:00,23361.1,23507.97,23231.29,23463.99,46562.98279
381,2023-03-02 20:00:00,23463.4,23567.52,23386.44,23465.32,30238.13755
382,2023-03-03 00:00:00,23465.32,23476.95,21971.13,22319.69,105002.30763
383,2023-03-03 04:00:00,22319.69,22411.36,22251.08,22360.78,39524.68367
384,2023-03-03 08:00:00,22360.78,22479.97,22300.14,22342.92,34119.07106
385,2023-03-03 12:00:00,22343.06,22498.99,22172.65,22336.33,63808.35172
386,2023-03-03 16:00:00,22335.84,22448.25,22229.25,22358.48,42253.91274
387,2023-03-03 20:00:00,22357.83,22378.22,22147.0,22354.34,35245.87103
388,2023-03-04 00:00:00,22354.34,22392.17,22323.05,22346.66,17092.81805
389,2023-03-04 04:00:00,22346.65,22410.0,22269.94,22359.09,20708.89441
390,2023-03-04 08:00:00,22359.44,22376.97,22322.3,22349.46,15610.44674
391,2023-03-04 12:00:00,22349.46,22398.0,22307.98,22317.87,19247.99791
392,2023-03-04 16:00:00,22317.38,22347.93,22227.2,22250.78,18483.98314
393,2023-03-04 20:00:00,22250.67,22359.0,22157.08,22346.57,30113.24107
394,2023-03-05 00:00:00,22346.57,22662.09,22189.22,22387.02,47822.67957
395,2023-03-05 04:00:00,22387.02,22470.93,22365.26,22375.7,19299.91498
396,2023-03-05 08:00:00,22375.7,22448.8,22316.63,22389.77,20090.00817
397,2023-03-05 12:00:00,22390.12,22494.96,22388.57,22436.18,22428.03796
398,2023-03-05 16:00:00,22436.7,22460.07,22374.6,22403.45,16269.59179
399,2023-03-05 20:00:00,22403.45,22560.0,22331.0,22430.24,28931.52539
400,2023-03-06 00:00:00,22430.24,22508.0,22258.0,22387.19,38270.80221
401,2023-03-06 04:00:00,22387.19,22436.0,22313.94,22392.74,20841.04209
402,2023-03-06 08:00:00,22392.74,22450.0,22355.0,22379.57,28144.14141
403,2023-03-06 12:00:00,22379.95,22602.19,22357.08,22553.42,44162.64438
404,2023-03-06 16:00:00,22554.43,22586.98,22358.0,22393.35,45283.05605
405,2023-03-06 20:00:00,22393.35,22450.0,22320.01,22410.0,27050.14343
406,2023-03-07 00:00:00,22409.41,22557.91,22377.69,22460.54,28066.33637
407,2023-03-07 04:00:00,22460.99,22479.85,22408.09,22419.71,21032.34041
408,2023-03-07 08:00:00,22420.29,22432.6,22321.0,22351.02,35538.29626
409,2023-03-07 12:00:00,22351.02,22489.88,21927.0,22320.9,97281.67866
410,2023-03-07 16:00:00,22321.98,22394.08,22054.92,22124.77,62136.24828
411,2023-03-07 20:00:00,22125.99,22230.51,21943.0,22197.96,48464.90914
412,2023-03-08 00:00:00,22198.56,22287.0,22084.3,22152.52,30155.52102
413,2023-03-08 04:00:00,22152.52,22167.73,21840.13,21971.03,47071.5731
414,2023-03-08 08:00:00,21971.83,22144.2,21944.55,22072.45,41053.20652
415,2023-03-08 12:00:00,22071.98,22229.04,21876.66,22140.8,81155.91342
416,2023-03-08 16:00:00,22139.97,22218.3,21944.25,21997.25,47324.56273
417,2023-03-08 20:00:00,21997.25,22133.75,21580.0,21705.44,54699.79593
418,2023-03-09 00:00:00,21704.37,21806.68,21629.43,21769.66,35431.65786
419,2023-03-09 04:00:00,21770.37,21774.69,21665.67,21688.54,27862.16425
420,2023-03-09 08:00:00,21688.54,21700.0,21527.0,21669.38,52297.6602
421,2023-03-09 12:00:00,21669.38,21834.99,21552.84,21648.57,71861.08871
422,2023-03-09 16:00:00,21647.42,21675.22,20766.2,20854.93,127310.48874
423,2023-03-09 20:00:00,20856.3,20867.3,20042.72,20362.22,128895.22608
424,2023-03-10 00:00:00,20362.21,20367.78,19776.22,20052.07,111144.42259
425,2023-03-10 04:00:00,20052.07,20065.0,19776.55,19953.58,83995.86888
426,2023-03-10 08:00:00,19953.58,19977.0,19549.09,19760.78,96978.28705
427,2023-03-10 12:00:00,19761.12,20321.19,19657.11,20004.96,152618.48716
428,2023-03-10 16:00:00,20004.96,20307.73,19824.06,20024.32,109663.76524
429,2023-03-10 20:00:00,20022.72,20240.4,19850.0,20150.69,64055.63618
430,2023-03-11 00:00:00,20150.69,20686.51,20135.05,20393.88,98589.40007
431,2023-03-11 04:00:00,20393.89,20435.43,19823.82,19850.81,76336.21941
432,2023-03-11 08:00:00,19850.81,20208.36,19765.03,20086.07,81791.94176
433,2023-03-11 12:00:00,20086.07,20205.46,20030.0,20061.98,50101.82477
434,2023-03-11 16:00:00,20062.77,20331.44,19992.24,20220.96,62707.52998
435,2023-03-11 20:00:00,20220.98,20529.91,20214.63,20455.73,58304.90534
436,2023-03-12 00:00:00,20455.73,20502.46,20303.53,20376.46,51370.51344
437,2023-03-12 04:00:00,20376.47,20440.8,20270.6,20346.71,35988.61581
438,2023-03-12 08:00:00,20346.71,20497.34,20333.8,20445.43,39710.54197
439,2023-03-12 12:00:00,20445.56,20466.0,20284.39,20358.96,49787.13406
440,2023-03-12 16:00:00,20359.59,21331.75,20341.85,20779.54,124989.68987
441,2023-03-12 20:00:00,20779.54,22150.0,20755.76,21997.11,129098.44773
442,2023-03-13 00:00:00,21998.05,22600.0,21860.74,22231.62,111447.41727
443,2023-03-13 04:00:00,22232.76,22506.0,22222.88,22458.72,68170.49795
444,2023-03-13 08:00:00,22458.87,22539.64,21813.88,22106.64,112208.05043
445,2023-03-13 12:00:00,22106.63,24500.0,21959.0,23981.72,216519.77954
446,2023-03-13 16:00:00,23981.72,24393.83,23755.0,24279.91,122447.56492
447,2023-03-13 20:00:00,24277.25,24311.99,23938.0,24113.48,57096.00248
448,2023-03-14 00:00:00,24112.27,24496.41,23986.02,24374.2,70241.14758
449,2023-03-14 04:00:00,24375.68,24820.0,24139.06,24247.64,78968.84513
450,2023-03-14 08:00:00,24246.75,24820.0,24118.28,24743.04,90925.96183
451,2023-03-14 12:00:00,24743.05,26386.87,24458.04,25894.67,210348.01513
452,2023-03-14 16:00:00,25894.67,26001.81,24212.49,25054.15,144791.97024
453,2023-03-14 20:00:00,25048.39,25167.9,23976.42,24670.41,104084.99432
454,2023-03-15 00:00:00,24670.41,25074.24,24284.6,24717.65,74592.62791
455,2023-03-15 04:00:00,24716.87,24918.59,24599.0,24871.28,49951.0718
456,2023-03-15 08:00:00,24872.54,24922.22,24255.0,24754.5,92660.51407
457,2023-03-15 12:00:00,24753.27,25196.97,24371.6,24471.01,172954.88765
458,2023-03-15 16:00:00,24471.01,24523.0,23896.95,24366.71,137774.37953
459,2023-03-15 20:00:00,24369.97,24633.02,24223.0,24285.66,53517.24888
460,2023-03-16 00:00:00,24285.66,24439.8,24123.0,24265.43,52421.25766
461,2023-03-16 04:00:00,24265.44,24685.0,24182.0,24614.27,58224.85322
462,2023-03-16 08:00:00,24615.79,25066.32,24374.35,24824.62,94332.38827
463,2023-03-16 12:00:00,24826.33,25032.74,24515.23,24888.44,105164.77326
464,2023-03-16 16:00:00,24889.94,25167.4,24620.0,24953.21,75970.81647
465,2023-03-16 20:00:00,24953.21,25090.0,24623.52,24998.78,53307.2411
466,2023-03-17 00:00:00,24998.78,25896.0,24890.0,25781.66,92627.82966
467,2023-03-17 04:00:00,25781.66,26196.4,25656.0,26058.45,82998.31022
468,2023-03-17 08:00:00,26060.07,26970.0,25918.02,26918.73,122412.61854
469,2023-03-17 12:00:00,26920.11,26935.12,26118.19,26421.34,129230.31572
470,2023-03-17 16:00:00,26419.28,26860.66,26264.0,26834.87,93862.34173
471,2023-03-17 20:00:00,26834.87,27756.84,26588.38,27395.13,103329.26504
472,2023-03-18 00:00:00,27395.13,27724.85,27060.0,27307.54,81541.36167
473,2023-03-18 04:00:00,27306.57,27612.31,27212.56,27359.89,43190.10831
474,2023-03-18 08:00:00,27360.43,27500.0,27055.83,27443.09,48227.50229
475,2023-03-18 12:00:00,27443.09,27637.2,27057.0,27226.23,68303.82651
476,2023-03-18 16:00:00,27227.63,27489.94,26578.0,27329.83,84968.97465
477,2023-03-18 20:00:00,27329.14,27449.95,26810.0,26907.49,45007.19831
478,2023-03-19 00:00:00,26907.49,27255.19,26901.02,27198.71,36110.46659
479,2023-03-19 04:00:00,27198.71,27291.4,26827.22,26974.81,36337.34801
480,2023-03-19 08:00:00,26973.76,27200.0,26872.0,27160.98,41991.39588
481,2023-03-19 12:00:00,27162.33,27750.0,27110.12,27546.62,71743.09938
482,2023-03-19 16:00:00,27546.62,28376.0,27470.0,28255.87,113916.61398
483,2023-03-19 20:00:00,28255.35,28390.1,27738.0,27972.87,71968.0667
484,2023-03-20 00:00:00,27972.87,28057.44,27124.47,27269.17,78217.14607
485,2023-03-20 04:00:00,27269.18,28268.0,27141.36,28183.13,74108.85462
486,2023-03-20 08:00:00,28183.13,28472.0,27919.66,28188.93,101047.66229
487,2023-03-20 12:00:00,28188.95,28258.58,27620.0,27694.46,93832.37034
488,2023-03-20 16:00:00,27698.15,28041.48,27461.35,27785.1,82313.05852
489,2023-03-20 20:00:00,27784.57,28186.71,27577.02,27717.01,47859.14189
490,2023-03-21 00:00:00,27717.01,27953.33,27664.51,27787.29,50949.32902
491,2023-03-21 04:00:00,27787.29,27968.0,27303.1,27505.25,66335.07466
492,2023-03-21 08:00:00,27505.25,28177.0,27393.52,28040.13,82017.60625
493,2023-03-21 12:00:00,28040.13,28244.87,27730.0,28041.06,100474.3209
494,2023-03-21 16:00:00,28041.06,28438.55,27935.07,28126.84,84240.60599
495,2023-03-21 20:00:00,28126.85,28214.99,27900.0,28105.47,36912.80538
496,2023-03-22 00:00:00,28107.81,28280.0,27945.44,28154.14,37000.16051
497,2023-03-22 04:00:00,28154.14,28288.0,28028.24,28103.69,22588.25375
498,2023-03-22 08:00:00,28103.68,28213.23,28000.0,28122.74,16280.67428
499,2023-03-22 12:00:00,28122.73,28736.0,28105.35,28595.07,35677.15924
500,2023-03-22 16:00:00,28595.06,28868.05,26650.27,26667.33,84244.59506
501,2023-03-22 20:00:00,26668.8,27437.98,26601.8,27250.97,28322.57012
502,2023-03-23 00:00:00,27250.97,27428.69,27105.0,27356.78,13920.76715
503,2023-03-23 04:00:00,27356.79,27700.0,27258.0,27631.93,14310.97848
504,2023-03-23 08:00:00,27631.93,27738.27,27439.5,27584.53,11897.09818
505,2023-03-23 12:00:00,27584.52,28750.0,27275.92,28580.87,40190.57705
506,2023-03-23 16:00:00,28580.86,28647.05,27772.22,28369.99,34052.53912
507,2023-03-23 20:00:00,28369.82,28438.0,27967.93,28295.41,14277.6482
508,2023-03-24 00:00:00,28295.42,28374.3,28134.86,28219.98,8820.33865
509,2023-03-24 04:00:00,28219.98,28335.32,28102.15,28274.59,9065.12568
510,2023-03-24 08:00:00,28274.58,28295.72,27934.48,28080.0,14569.39777
511,2023-03-24 12:00:00,28079.99,28253.01,27835.0,28018.04,14181.52699
512,2023-03-24 16:00:00,28018.04,28059.63,27523.81,27821.6,20321.9705
513,2023-03-24 20:00:00,27821.59,27860.0,27000.0,27454.47,19283.70585
514,2023-03-25 00:00:00,27454.46,27658.2,27420.0,27581.65,7631.30004
515,2023-03-25 04:00:00,27581.65,27608.2,27375.9,27485.36,7176.48565
516,2023-03-25 08:00:00,27485.37,27537.79,27309.8,27457.2,7012.9894
517,2023-03-25 12:00:00,27457.19,27787.33,27357.14,27647.43,10741.6268
518,2023-03-25 16:00:00,27647.44,27730.0,27159.57,27189.68,11693.92908
519,2023-03-25 20:00:00,27189.69,27529.29,27156.09,27462.95,6587.75005
520,2023-03-26 00:00:00,27462.96,27650.0,27417.76,27529.26,5328.00445
521,2023-03-26 04:00:00,27529.27,27570.93,27462.15,27504.94,3807.16894
522,2023-03-26 08:00:00,27504.94,27915.08,27480.01,27865.95,8183.69994
523,2023-03-26 12:00:00,27865.96,28194.4,27695.0,27803.89,17696.05035
524,2023-03-26 16:00:00,27803.89,27934.57,27635.18,27827.95,5605.98308
525,2023-03-26 20:00:00,27827.95,28143.0,27670.71,27968.05,9050.79677
526,2023-03-27 00:00:00,27968.05,28023.86,27781.6,27888.68,6854.66298
527,2023-03-27 04:00:00,27888.68,27935.17,27666.0,27808.81,8855.5393
528,2023-03-27 08:00:00,27808.8,27996.28,27768.55,27892.69,7616.84015
529,2023-03-27 12:00:00,27892.69,27923.42,26508.14,26903.62,39066.20195
530,2023-03-27 16:00:00,26903.63,27313.42,26858.79,26968.94,16613.0284
531,2023-03-27 20:00:00,26968.93,27255.0,26877.82,27124.91,9033.1962
532,2023-03-28 00:00:00,27124.9,27176.05,26800.0,26971.71,11049.59827
533,2023-03-28 04:00:00,26971.71,27142.25,26872.11,26962.88,9458.87712
534,2023-03-28 08:00:00,26962.89,27155.38,26631.78,27057.36,15726.76618
535,2023-03-28 12:00:00,27057.36,27210.0,26835.31,26998.63,15937.25349
536,2023-03-28 16:00:00,26998.63,27520.0,26745.0,27425.99,18090.07394
537,2023-03-28 20:00:00,27425.98,27492.8,27095.66,27261.07,8339.87441
538,2023-03-29 00:00:00,27261.06,27479.36,27240.1,27367.45,7124.26009
539,2023-03-29 04:00:00,27367.44,28164.48,27349.68,28086.82,22445.56265
540,2023-03-29 08:00:00,28086.82,28650.0,28040.34,28353.99,23446.56936
541,2023-03-29 12:00:00,28354.0,28590.0,28230.85,28442.79,16417.40637
542,2023-03-29 16:00:00,28442.8,28448.68,28135.82,28419.49,11647.76233
543,2023-03-29 20:00:00,28419.49,28500.0,28211.0,28348.6,8404.59928
544,2023-03-30 00:00:00,28348.6,29184.68,28090.06,28489.18,28533.03962
545,2023-03-30 04:00:00,28489.19,28775.6,28442.79,28725.01,11891.4425
546,2023-03-30 08:00:00,28725.0,28748.76,28500.0,28644.79,10631.82494
547,2023-03-30 12:00:00,28644.79,28691.45,28169.5,28300.33,17202.57157
548,2023-03-30 16:00:00,28300.32,28301.01,27686.0,27986.09,20579.80879
549,2023-03-30 20:00:00,27986.1,28197.96,27786.66,28028.53,10026.74514
550,2023-03-31 00:00:00,28028.53,28375.0,27916.34,28168.41,11765.30998
551,2023-03-31 04:00:00,28168.41,28219.36,27511.71,27738.48,15529.91399
552,2023-03-31 08:00:00,27738.48,27992.05,27688.0,27927.97,10543.8057
553,2023-03-31 12:00:00,27927.97,28656.69,27870.93,28494.99,24322.41408
554,2023-03-31 16:00:00,28495.0,28541.18,28262.87,28469.31,9395.77884
555,2023-03-31 20:00:00,28469.31,28632.94,28337.46,28465.36,6640.8988
556,2023-04-01 00:00:00,28465.36,28819.71,28408.57,28541.1,7594.11361
557,2023-04-01 04:00:00,28541.1,28625.1,28351.35,28424.99,5673.20621
558,2023-04-01 08:00:00,28424.98,28485.11,28360.65,28372.85,4134.1087
559,2023-04-01 12:00:00,28372.84,28473.9,28220.27,28400.07,5187.63015
560,2023-04-01 16:00:00,28400.07,28443.04,28280.0,28381.98,3397.25326
561,2023-04-01 20:00:00,28381.97,28577.0,28379.63,28452.73,4252.1356
562,2023-04-02 00:00:00,28452.74,28530.0,28355.0,28476.59,3671.10292
563,2023-04-02 04:00:00,28476.58,28490.4,28381.54,28416.38,2774.33739
564,2023-04-02 08:00:00,28416.37,28450.9,28306.8,28357.93,3482.11028
565,2023-04-02 12:00:00,28357.93,28361.0,28037.59,28124.81,10410.79993
566,2023-04-02 16:00:00,28124.8,28229.9,27856.43,27943.85,9548.76463
567,2023-04-02 20:00:00,27943.84,28203.35,27858.29,28171.87,7478.54177
568,2023-04-03 00:00:00,28171.87,28182.17,27560.0,27753.85,11150.24369
569,2023-04-03 04:00:00,27753.85,27962.9,27588.0,27958.74,7740.46106
570,2023-04-03 08:00:00,27958.73,28500.99,27958.73,28253.73,16752.02691
571,2023-04-03 12:00:00,28253.73,28375.0,27945.19,28051.48,12843.96705
572,2023-04-03 16:00:00,28051.48,28238.53,27875.0,28081.08,10815.36454
573,2023-04-03 20:00:00,28081.08,28093.56,27200.24,27800.0,19877.9508
574,2023-04-04 00:00:00,27800.0,27965.0,27662.79,27855.06,7378.74569
575,2023-04-04 04:00:00,27855.06,28145.0,27775.37,28021.3,7401.39758
576,2023-04-04 08:00:00,28021.31,28444.44,27931.2,28289.52,11327.61021
577,2023-04-04 12:00:00,28289.51,28399.0,27947.59,28030.04,11827.84541
578,2023-04-04 16:00:00,28030.05,28260.0,27971.07,28189.25,6969.29766
579,2023-04-04 20:00:00,28189.25,28305.0,28078.63,28165.47,4817.66036
580,2023-04-05 00:00:00,28165.47,28775.0,28099.68,28544.72,14845.01269
581,2023-04-05 04:00:00,28544.73,28624.35,28455.0,28525.21,5559.92922
582,2023-04-05 08:00:00,28525.2,28600.0,28450.5,28554.38,5619.6494
583,2023-04-05 12:00:00,28554.37,28750.0,27860.0,28031.09,19633.382
584,2023-04-05 16:00:00,28031.09,28308.04,27805.1,28240.64,11011.74625
585,2023-04-05 20:00:00,28240.64,28300.0,28132.16,28170.01,4067.92776
586,2023-04-06 00:00:00,28170.01,28182.05,27878.6,28128.42,6441.25347
587,2023-04-06 04:00:00,28128.42,28130.0,27907.77,27910.97,4898.59822
588,2023-04-06 08:00:00,27910.97,28028.6,27711.0,27945.52,8497.72048
589,2023-04-06 12:00:00,27945.51,28181.05,27750.0,28090.39,10932.58337
590,2023-04-06 16:00:00,28090.39,28165.88,27950.9,28017.77,5293.83638
591,2023-04-06 20:00:00,28017.77,28121.87,27900.0,28033.82,4054.95771
592,2023-04-07 00:00:00,28033.83,28100.0,27926.52,28038.66,3144.63896
593,2023-04-07 04:00:00,28038.67,28062.73,27766.94,27839.78,4967.42754
594,2023-04-07 08:00:00,27839.79,27961.67,27785.0,27840.9,5563.5226
595,2023-04-07 12:00:00,27840.89,27984.75,27800.0,27944.1,5761.76975
596,2023-04-07 16:00:00,27944.09,27953.47,27856.0,27897.52,2550.36482
597,2023-04-07 20:00:00,27897.51,27980.74,27839.02,27906.33,2774.3702
598,2023-04-08 00:00:00,27906.34,28059.39,27859.02,28023.39,3614.73585
599,2023-04-08 04:00:00,28023.39,28040.72,27974.14,27979.04,659.52669
